[
  {
    "category": "``apigateway``", 
    "description": "Update apigateway command to latest version", 
    "type": "api-change"
  }, 
  {
    "category": "``servicecatalog``", 
    "description": "Update servicecatalog command to latest version", 
    "type": "api-change"
  }, 
  {
    "category": "``ec2``", 
    "description": "Update ec2 command to latest version", 
    "type": "api-change"
  }, 
  {
    "category": "``budgets``", 
    "description": "Update budgets command to latest version", 
    "type": "api-change"
  }, 
  {
    "category": "``efs``", 
    "description": "Update efs command to latest version", 
    "type": "api-change"
  }, 
  {
    "category": "``devicefarm``", 
    "description": "Update devicefarm command to latest version", 
    "type": "api-change"
  }, 
  {
    "category": "``worklink``", 
    "description": "Update worklink command to latest version", 
    "type": "api-change"
  }, 
  {
    "category": "``rds``", 
    "description": "Update rds command to latest version", 
    "type": "api-change"
  }
]