[
  {
    "category": "``alexaforbusiness``", 
    "description": "Update alexaforbusiness command to latest version", 
    "type": "api-change"
  }, 
  {
    "category": "``textract``", 
    "description": "Update textract command to latest version", 
    "type": "api-change"
  }, 
  {
    "category": "``storagegateway``", 
    "description": "Update storagegateway command to latest version", 
    "type": "api-change"
  }, 
  {
    "category": "Cloudformation", 
    "description": "Support non-AWS partition regions in CloudFormation deploy and package. Fixes `#3635 <https://github.com/aws/aws-cli/issues/3635>`__.", 
    "type": "bugfix"
  }, 
  {
    "category": "``mediatailor``", 
    "description": "Update mediatailor command to latest version", 
    "type": "api-change"
  }, 
  {
    "category": "``route53``", 
    "description": "Update route53 command to latest version", 
    "type": "api-change"
  }, 
  {
    "category": "``ec2``", 
    "description": "Update ec2 command to latest version", 
    "type": "api-change"
  }, 
  {
    "category": "``ssm``", 
    "description": "Update ssm command to latest version", 
    "type": "api-change"
  }, 
  {
    "category": "``mediaconnect``", 
    "description": "Update mediaconnect command to latest version", 
    "type": "api-change"
  }, 
  {
    "category": "``rds``", 
    "description": "Update rds command to latest version", 
    "type": "api-change"
  }, 
  {
    "category": "``cloudformation``", 
    "description": "Update cloudformation command to latest version", 
    "type": "api-change"
  }
]