[
  {
    "category": "``codepipeline``", 
    "description": "Update codepipeline command to latest version", 
    "type": "api-change"
  }, 
  {
    "category": "``neptune``", 
    "description": "Update neptune command to latest version", 
    "type": "api-change"
  }, 
  {
    "category": "``managedblockchain``", 
    "description": "Update managedblockchain command to latest version", 
    "type": "api-change"
  }, 
  {
    "category": "``s3control``", 
    "description": "Update s3control command to latest version", 
    "type": "api-change"
  }, 
  {
    "category": "``servicecatalog``", 
    "description": "Update servicecatalog command to latest version", 
    "type": "api-change"
  }, 
  {
    "category": "``directconnect``", 
    "description": "Update directconnect command to latest version", 
    "type": "api-change"
  }
]