[
  {
    "category": "``ssm``", 
    "description": "Update ssm command to latest version", 
    "type": "api-change"
  }, 
  {
    "category": "``apigatewayv2``", 
    "description": "Update apigatewayv2 command to latest version", 
    "type": "api-change"
  }, 
  {
    "category": "``application-autoscaling``", 
    "description": "Update application-autoscaling command to latest version", 
    "type": "api-change"
  }, 
  {
    "category": "``alexaforbusiness``", 
    "description": "Update alexaforbusiness command to latest version", 
    "type": "api-change"
  }
]