[
  {
    "category": "``opsworkscm``", 
    "description": "Update opsworkscm command to latest version", 
    "type": "api-change"
  }, 
  {
    "category": "``resource-groups``", 
    "description": "Update resource-groups command to latest version", 
    "type": "api-change"
  }, 
  {
    "category": "``mediaconvert``", 
    "description": "Update mediaconvert command to latest version", 
    "type": "api-change"
  }, 
  {
    "category": "``organizations``", 
    "description": "Update organizations command to latest version", 
    "type": "api-change"
  }, 
  {
    "category": "``pinpoint``", 
    "description": "Update pinpoint command to latest version", 
    "type": "api-change"
  }, 
  {
    "category": "``discovery``", 
    "description": "Update discovery command to latest version", 
    "type": "api-change"
  }, 
  {
    "category": "``cur``", 
    "description": "Update cur command to latest version", 
    "type": "api-change"
  }
]