[
  {
    "category": "``acm``", 
    "description": "Update acm command to latest version", 
    "type": "api-change"
  }, 
  {
    "category": "``cloudwatch``", 
    "description": "Update cloudwatch command to latest version", 
    "type": "api-change"
  }, 
  {
    "category": "``config``", 
    "description": "Update config command to latest version", 
    "type": "api-change"
  }, 
  {
    "category": "``sagemaker``", 
    "description": "Update sagemaker command to latest version", 
    "type": "api-change"
  }, 
  {
    "category": "``iot``", 
    "description": "Update iot command to latest version", 
    "type": "api-change"
  }, 
  {
    "category": "``ec2``", 
    "description": "Update ec2 command to latest version", 
    "type": "api-change"
  }, 
  {
    "category": "``acm-pca``", 
    "description": "Update acm-pca command to latest version", 
    "type": "api-change"
  }
]