[
  {
    "category": "``iot``", 
    "description": "Update iot command to latest version", 
    "type": "api-change"
  }, 
  {
    "category": "``cognito-idp``", 
    "description": "Update cognito-idp command to latest version", 
    "type": "api-change"
  }, 
  {
    "category": "``autoscaling``", 
    "description": "Update autoscaling command to latest version", 
    "type": "api-change"
  }, 
  {
    "category": "``events``", 
    "description": "Update events command to latest version", 
    "type": "api-change"
  }, 
  {
    "category": "``lightsail``", 
    "description": "Update lightsail command to latest version", 
    "type": "api-change"
  }
]